BEGIN TRANSACTION;
CREATE TABLE sessions (id INTEGER NOT NULL PRIMARY KEY AUTOINCREMENT, start_time STRING NOT NULL, server_time_offset DOUBLE, last_event_time STRING, pause_time STRING NOT NULL, locale STRING NOT NULL, event_seq INTEGER NOT NULL DEFAULT 0, api_key STRING NOT NULL, type INTEGER NOT NULL, app_state STRING, finished BOOL NOT NULL DEFAULT 0, session_id STRING NOT NULL, attribution_id STRING);
INSERT INTO `sessions` VALUES (1,1530709472.92343,NULL,1530709485.18857,1530709472.92343,'en_US',6,'20799a27-fa80-4b36-b2db-0f8141f24180',1,'{"os_api_level":"11","ifa":"A0AAD050-B1DE-440F-AA75-C0FBC0E97D14","app_version_name":"320","analytics_sdk_build_type":"source","app_build_number":"666","ifv":"2BC7C11A-33C4-46A9-B2E6-5F429C7ED898","analytics_sdk_version_name":"3.2.0","locale":"en_US","is_rooted":"1","analytics_sdk_build_number":"0","deviceid":"2BC7C11A-33C4-46A9-B2E6-5F429C7ED898","os_version":"11.4","app_debuggable":"1","limit_ad_tracking":"0"}',1,10000000000,1);
INSERT INTO `sessions` VALUES (2,1530709464.88545,NULL,1530709464.88545,1530709464.88545,'en_US',3,'141aee51-f778-4951-adb8-97d811aa06e1',1,'{"os_api_level":"11","ifa":"A0AAD050-B1DE-440F-AA75-C0FBC0E97D14","app_version_name":"320","analytics_sdk_build_type":"source","app_build_number":"666","ifv":"2BC7C11A-33C4-46A9-B2E6-5F429C7ED898","analytics_sdk_version_name":"3.2.0","locale":"en_US","is_rooted":"1","analytics_sdk_build_number":"0","deviceid":"2BC7C11A-33C4-46A9-B2E6-5F429C7ED898","os_version":"11.4","app_debuggable":"1","limit_ad_tracking":"0"}',1,10000000000,1);
INSERT INTO `sessions` VALUES (3,1530709483.96176,NULL,1530709494.54176,1530709494.54176,'en_US',5,'141aee51-f778-4951-adb8-97d811aa06e1',0,'{"os_api_level":"11","ifa":"A0AAD050-B1DE-440F-AA75-C0FBC0E97D14","app_version_name":"320","analytics_sdk_build_type":"source","app_build_number":"666","ifv":"2BC7C11A-33C4-46A9-B2E6-5F429C7ED898","analytics_sdk_version_name":"3.2.0","locale":"en_US","is_rooted":"1","analytics_sdk_build_number":"0","deviceid":"2BC7C11A-33C4-46A9-B2E6-5F429C7ED898","os_version":"11.4","app_debuggable":"1","limit_ad_tracking":"0"}',1,10000000001,1);
INSERT INTO `sessions` VALUES (4,1530709536.93729,-0.141286015510559,1530709536.93729,1530709536.93729,'en_US',3,'20799a27-fa80-4b36-b2db-0f8141f24180',1,'{"os_api_level":"11","uuid":"a56a9864140fd546578030b4df5dd418","ifa":"A0AAD050-B1DE-440F-AA75-C0FBC0E97D14","app_version_name":"320","analytics_sdk_build_type":"source","app_build_number":"666","ifv":"2BC7C11A-33C4-46A9-B2E6-5F429C7ED898","analytics_sdk_version_name":"3.2.0","locale":"en_US","is_rooted":"1","analytics_sdk_build_number":"0","deviceid":"2BC7C11A-33C4-46A9-B2E6-5F429C7ED898","os_version":"11.4","app_debuggable":"1","limit_ad_tracking":"0"}',1,10000000001,1);
INSERT INTO `sessions` VALUES (5,1530709537.74237,-0.141286015510559,1530709537.74237,1530709537.74237,'en_US',2,'141aee51-f778-4951-adb8-97d811aa06e1',0,'{"os_api_level":"11","uuid":"a56a9864140fd546578030b4df5dd418","ifa":"A0AAD050-B1DE-440F-AA75-C0FBC0E97D14","app_version_name":"320","analytics_sdk_build_type":"source","app_build_number":"666","ifv":"2BC7C11A-33C4-46A9-B2E6-5F429C7ED898","analytics_sdk_version_name":"3.2.0","locale":"en_US","is_rooted":"1","analytics_sdk_build_number":"0","deviceid":"2BC7C11A-33C4-46A9-B2E6-5F429C7ED898","os_version":"11.4","app_debuggable":"1","limit_ad_tracking":"0"}',1,10000000002,1);
INSERT INTO `sessions` VALUES (6,1530709567.54399,-0.141286015510559,1530709588.78712,1530709567.54399,'en_US',7,'20799a27-fa80-4b36-b2db-0f8141f24180',1,'{"os_api_level":"11","uuid":"a56a9864140fd546578030b4df5dd418","ifa":"A0AAD050-B1DE-440F-AA75-C0FBC0E97D14","app_version_name":"320","analytics_sdk_build_type":"source","app_build_number":"666","ifv":"2BC7C11A-33C4-46A9-B2E6-5F429C7ED898","analytics_sdk_version_name":"3.2.0","locale":"en_US","is_rooted":"1","analytics_sdk_build_number":"0","deviceid":"2BC7C11A-33C4-46A9-B2E6-5F429C7ED898","os_version":"11.4","app_debuggable":"0","limit_ad_tracking":"0"}',0,10000000002,1);
INSERT INTO `sessions` VALUES (7,1530709567.59577,-0.141286015510559,1530709606,1530709597.64019,'en_US',4,'141aee51-f778-4951-adb8-97d811aa06e1',0,'{"os_api_level":"11","uuid":"a56a9864140fd546578030b4df5dd418","ifa":"A0AAD050-B1DE-440F-AA75-C0FBC0E97D14","app_version_name":"320","analytics_sdk_build_type":"source","app_build_number":"666","ifv":"2BC7C11A-33C4-46A9-B2E6-5F429C7ED898","analytics_sdk_version_name":"3.2.0","locale":"en_US","is_rooted":"1","analytics_sdk_build_number":"0","deviceid":"2BC7C11A-33C4-46A9-B2E6-5F429C7ED898","os_version":"11.4","app_debuggable":"0","limit_ad_tracking":"0"}',1,10000000003,1);
INSERT INTO `sessions` VALUES (8,1530709590.46299,-0.141286015510559,1530709590.46344,1530709590.46299,'en_US',4,'01528cc0-dd34-494d-9218-24af1317e1ee',1,'{"os_api_level":"11","uuid":"a56a9864140fd546578030b4df5dd418","ifa":"A0AAD050-B1DE-440F-AA75-C0FBC0E97D14","app_version_name":"320","analytics_sdk_build_type":"source","app_build_number":"666","ifv":"2BC7C11A-33C4-46A9-B2E6-5F429C7ED898","analytics_sdk_version_name":"3.2.0","locale":"en_US","is_rooted":"1","analytics_sdk_build_number":"0","deviceid":"2BC7C11A-33C4-46A9-B2E6-5F429C7ED898","os_version":"11.4","app_debuggable":"0","limit_ad_tracking":"0"}',1,10000000000,1);
INSERT INTO `sessions` VALUES (9,1530709597.36643,-0.141286015510559,1530709597.36643,1530709597.36643,'en_US',2,'01528cc0-dd34-494d-9218-24af1317e1ee',0,'{"os_api_level":"11","uuid":"a56a9864140fd546578030b4df5dd418","ifa":"A0AAD050-B1DE-440F-AA75-C0FBC0E97D14","app_version_name":"320","analytics_sdk_build_type":"source","app_build_number":"666","ifv":"2BC7C11A-33C4-46A9-B2E6-5F429C7ED898","analytics_sdk_version_name":"3.2.0","locale":"en_US","is_rooted":"1","analytics_sdk_build_number":"0","deviceid":"2BC7C11A-33C4-46A9-B2E6-5F429C7ED898","os_version":"11.4","app_debuggable":"0","limit_ad_tracking":"0"}',0,10000000001,1);
INSERT INTO `sessions` VALUES (10,1530710198.42159,-0.141286015510559,1530710198.42159,1530710209.31768,'en_US',1,'141aee51-f778-4951-adb8-97d811aa06e1',0,'{"os_api_level":"11","uuid":"a56a9864140fd546578030b4df5dd418","ifa":"A0AAD050-B1DE-440F-AA75-C0FBC0E97D14","app_version_name":"320","analytics_sdk_build_type":"source","app_build_number":"666","ifv":"2BC7C11A-33C4-46A9-B2E6-5F429C7ED898","analytics_sdk_version_name":"3.2.0","locale":"en_US","is_rooted":"1","analytics_sdk_build_number":"0","deviceid":"2BC7C11A-33C4-46A9-B2E6-5F429C7ED898","os_version":"11.4","app_debuggable":"0","limit_ad_tracking":"0"}',0,10000000004,1);
CREATE TABLE kv (k STRING NOT NULL PRIMARY KEY, v STRING NOT NULL DEFAULT '');
INSERT INTO `kv` VALUES ('schema.version',16);
INSERT INTO `kv` VALUES ('old.init.migration.applied',1);
INSERT INTO `kv` VALUES ('api.keys.migration.applied',1);
INSERT INTO `kv` VALUES ('141aee51-f778-4951-adb8-97d811aa06e1session_first_event_sent','YES');
INSERT INTO `kv` VALUES ('20799a27-fa80-4b36-b2db-0f8141f24180session_first_event_sent','YES');
INSERT INTO `kv` VALUES ('141aee51-f778-4951-adb8-97d811aa06e1session_init_event_sent','YES');
INSERT INTO `kv` VALUES ('user.startup.hosts','["https:\/\/startup.tst.mobile.appmetrica.net"]');
INSERT INTO `kv` VALUES ('startup.hosts','["https:\/\/unavailable.startup.tst.mobile.appmetrica.net","https:\/\/startup.tst.mobile.appmetrica.net"]');
INSERT INTO `kv` VALUES ('startup.updated_at',1530709485.14214);
INSERT INTO `kv` VALUES ('uuid','a56a9864140fd546578030b4df5dd418');
INSERT INTO `kv` VALUES ('user.info','');
INSERT INTO `kv` VALUES ('report_ad.host','https://mobile-ads-beta.appmetrica.io:4443');
INSERT INTO `kv` VALUES ('get_ad.host','https://mobile-ads-beta.appmetrica.io:4443');
INSERT INTO `kv` VALUES ('redirect.host','https://redirect.appmetrica.com');
INSERT INTO `kv` VALUES ('initial.country','by');
INSERT INTO `kv` VALUES ('get_url_schemes.host','http://appmetrica.heroism.com');
INSERT INTO `kv` VALUES ('startup.first_update.date',1530709485.04365);
INSERT INTO `kv` VALUES ('server.time.offset',-0.141286015510559);
INSERT INTO `kv` VALUES ('report.hosts','["https:\/\/appmetrica.tst.mobile.net"]');
INSERT INTO `kv` VALUES ('com.yandex.mobile.appmetrica.sessions.20799a27-fa80-4b36-b2db-0f8141f24180',10000000002);
INSERT INTO `kv` VALUES ('141aee51-f778-4951-adb8-97d811aa06e1session_referrer_event_sent','YES');
INSERT INTO `kv` VALUES ('01528cc0-dd34-494d-9218-24af1317e1eesession_first_event_sent','YES');
INSERT INTO `kv` VALUES ('com.yandex.mobile.appmetrica.sessions.01528cc0-dd34-494d-9218-24af1317e1ee',10000000001);
INSERT INTO `kv` VALUES ('01528cc0-dd34-494d-9218-24af1317e1eesession_init_event_sent','YES');
INSERT INTO `kv` VALUES ('com.yandex.mobile.appmetrica.sessions.141aee51-f778-4951-adb8-97d811aa06e1',10000000004);
CREATE TABLE events (id INTEGER NOT NULL PRIMARY KEY AUTOINCREMENT, created_at STRING NOT NULL, session_id INTEGER NOT NULL, seq INTEGER NOT NULL, offset STRING NOT NULL, name STRING, value STRING, type INTEGER NOT NULL, latitude DOUBLE, longitude DOUBLE, location_timestamp STRING, location_horizontal_accuracy INTEGER, location_vertical_accuracy INTEGER, location_direction INTEGER, location_speed INTEGER, location_altitude INTEGER, location_enabled INTEGER DEFAULT -1, error_environment STRING, app_environment STRING, user_info STRING, bytes_truncated INTEGER, user_profile_id STRING, encryption_type INTEGER NOT NULL, first_occurrence INTEGER DEFAULT -1);
INSERT INTO `events` VALUES (1,1530709464.88545,2,0,0,'','',13,NULL,NULL,NULL,NULL,NULL,NULL,NULL,NULL,1,NULL,'','',0,NULL,1,-1);
INSERT INTO `events` VALUES (2,1530709472.92343,1,0,0,'','',13,NULL,NULL,NULL,NULL,NULL,NULL,NULL,NULL,1,NULL,'','',0,NULL,1,-1);
INSERT INTO `events` VALUES (3,1530709464.88545,2,1,0,'','',2,NULL,NULL,NULL,NULL,NULL,NULL,NULL,NULL,1,NULL,'','',0,NULL,1,-1);
INSERT INTO `events` VALUES (4,1530709472.92343,1,1,0,'','',2,NULL,NULL,NULL,NULL,NULL,NULL,NULL,NULL,1,NULL,'','',0,NULL,1,-1);
INSERT INTO `events` VALUES (5,1530709472.92786,1,2,0.00443,'AppleSearchAdsAttempt','',4,NULL,NULL,NULL,NULL,NULL,NULL,NULL,NULL,1,NULL,'','',0,NULL,1,1);
INSERT INTO `events` VALUES (6,1530709464.88545,2,2,0,'','',7,NULL,NULL,NULL,NULL,NULL,NULL,NULL,NULL,1,NULL,'','',0,NULL,1,-1);
INSERT INTO `events` VALUES (7,1530709483.96176,3,0,0,'','',2,NULL,NULL,NULL,NULL,NULL,NULL,NULL,NULL,1,NULL,'','',0,NULL,1,-1);
INSERT INTO `events` VALUES (8,1530709483.96176,3,1,0,'','',1,NULL,NULL,NULL,NULL,NULL,NULL,NULL,NULL,1,NULL,'','',0,NULL,1,-1);
INSERT INTO `events` VALUES (9,1530709485.18712,1,3,12.263688,'provided_request_schedule','{"id":"1"}',11,37.785834,-122.406417,1530709484.74808,5,-1,-1,-1,0,1,NULL,'','',0,NULL,1,-1);
INSERT INTO `events` VALUES (10,1530709485.18857,1,4,12.265143,'provided_request_schedule','{"id":"2"}',11,37.785834,-122.406417,1530709484.74808,5,-1,-1,-1,0,1,NULL,'','',0,NULL,1,-1);
INSERT INTO `events` VALUES (11,1530709488.11961,3,2,4.157849,'EVENT-A 1','',4,37.785834,-122.406417,1530709484.74808,5,-1,-1,-1,0,1,NULL,'','',0,NULL,1,1);
INSERT INTO `events` VALUES (12,1530709489.06338,3,3,5.101619,'EVENT-B 1','',4,37.785834,-122.406417,1530709484.74808,5,-1,-1,-1,0,1,NULL,'','',0,NULL,1,1);
INSERT INTO `events` VALUES (13,1530709494.54176,3,4,10.58,'','',7,37.785834,-122.406417,1530709495.61209,5,-1,-1,-1,0,1,NULL,'','',0,NULL,1,-1);
INSERT INTO `events` VALUES (14,1530709485.18857,1,5,12.26514,'','',7,37.785834,-122.406417,1530709495.61209,5,-1,-1,-1,0,1,NULL,'','',0,NULL,1,-1);
INSERT INTO `events` VALUES (15,1530709536.93729,4,0,0,'','',2,37.785834,-122.406417,1530709495.61209,5,-1,-1,-1,0,1,NULL,'','',0,NULL,1,-1);
INSERT INTO `events` VALUES (16,1530709536.93729,4,1,0,'AppleSearchAdsAttempt','',4,37.785834,-122.406417,1530709495.61209,5,-1,-1,-1,0,1,NULL,'','',0,NULL,1,0);
INSERT INTO `events` VALUES (17,1530709537.74237,5,0,0,'','',2,37.785834,-122.406417,1530709537.03702,5,-1,-1,-1,0,1,NULL,'','',0,NULL,1,-1);
INSERT INTO `events` VALUES (18,1530709537.74237,5,1,0,'','',7,37.785834,-122.406417,1530709561.5593,5,-1,-1,-1,0,1,NULL,'','',0,NULL,1,-1);
INSERT INTO `events` VALUES (19,1530709536.93729,4,2,0,'','',7,37.785834,-122.406417,1530709561.5593,5,-1,-1,-1,0,1,NULL,'','',0,NULL,1,-1);
INSERT INTO `events` VALUES (20,1530709567.54399,6,0,0,'','',2,37.785834,-122.406417,1530709561.5593,5,-1,-1,-1,0,1,NULL,'','',0,NULL,1,-1);
INSERT INTO `events` VALUES (21,1530709567.54399,6,1,0,'AppleSearchAdsAttempt','',4,37.785834,-122.406417,1530709561.5593,5,-1,-1,-1,0,1,NULL,'','',0,NULL,1,0);
INSERT INTO `events` VALUES (22,1530709567.59577,7,0,0,'','',2,37.785834,-122.406417,1530709561.5593,5,-1,-1,-1,0,1,NULL,'','',0,NULL,1,-1);
INSERT INTO `events` VALUES (23,1530709585.14536,6,2,17.601371,'provided_request_send','{"id":"1"}',11,37.785834,-122.406417,1530709568.16065,5,-1,-1,-1,0,1,NULL,'','',0,NULL,1,-1);
INSERT INTO `events` VALUES (24,1530709585.14761,6,3,17.603617,'provided_request_send','{"id":"2"}',11,37.785834,-122.406417,1530709568.16065,5,-1,-1,-1,0,1,NULL,'','',0,NULL,1,-1);
INSERT INTO `events` VALUES (25,1530709585.15747,6,4,17.613484,'provided_request_result','',11,37.785834,-122.406417,1530709568.16065,5,-1,-1,-1,0,1,NULL,'','',0,NULL,1,-1);
INSERT INTO `events` VALUES (26,1530709585.22927,6,5,17.685279,'provided_request_result','',11,37.785834,-122.406417,1530709568.16065,5,-1,-1,-1,0,1,NULL,'','',0,NULL,1,-1);
INSERT INTO `events` VALUES (27,1530709588.78687,7,1,21.191102,'apple-search-ads','{"status":"success","data":{"Version3.1":{"iad-attribution":"false"}}}',5,37.785834,-122.406417,1530709568.16065,5,-1,-1,-1,0,1,NULL,'','',0,NULL,1,-1);
INSERT INTO `events` VALUES (28,1530709588.78712,6,6,21.243127,'AppleSearchAdsCompletion','{"type":"success"}',4,37.785834,-122.406417,1530709568.16065,5,-1,-1,-1,0,1,NULL,'','',0,NULL,1,1);
INSERT INTO `events` VALUES (29,1530709590.46299,8,0,0,'','',13,37.785834,-122.406417,1530709568.16065,5,-1,-1,-1,0,1,NULL,'','',0,NULL,1,-1);
INSERT INTO `events` VALUES (30,1530709590.46299,8,1,0,'','',2,37.785834,-122.406417,1530709568.16065,5,-1,-1,-1,0,1,NULL,'','',0,NULL,1,-1);
INSERT INTO `events` VALUES (31,1530709590.46344,8,2,0.000448,'TestEvent','',4,37.785834,-122.406417,1530709568.16065,5,-1,-1,-1,0,1,NULL,'','',0,NULL,1,1);
INSERT INTO `events` VALUES (32,1530709590.46344,8,3,0.00045,'','',7,37.785834,-122.406417,1530709568.16065,5,-1,-1,-1,0,1,NULL,'','',0,NULL,1,-1);
INSERT INTO `events` VALUES (33,1530709597.36643,9,0,0,'','',2,37.785834,-122.406417,1530709568.16065,5,-1,-1,-1,0,1,NULL,'','',0,NULL,1,-1);
INSERT INTO `events` VALUES (34,1530709597.36643,9,1,0,'','',1,37.785834,-122.406417,1530709568.16065,5,-1,-1,-1,0,1,NULL,'','',0,NULL,1,-1);
INSERT INTO `events` VALUES (35,1530709597.64019,7,2,30.04442,'','',7,37.785834,-122.406417,1530709606.82647,5,-1,-1,-1,0,1,NULL,'','',0,NULL,1,-1);
INSERT INTO `events` VALUES (36,1530710198.42159,10,0,0,'','',2,37.785834,-122.406417,1530709606.82647,5,-1,-1,-1,0,1,NULL,'','',0,NULL,1,-1);
INSERT INTO `events` VALUES (37,1530709606,7,3,38.40423,'EXC_CRASH','4574F61E-CDC1-4913-9F66-C5BA35F6CBB8',3,37.785834,-122.406417,1530709606.82647,5,-1,-1,-1,0,1,NULL,'','',0,NULL,1,-1);
CREATE INDEX events_session_id ON events (session_id);
CREATE INDEX events_created_at ON events (created_at ASC);
COMMIT;
